{
"Parameters": {
	"Power balance penalty ($/MW)": [10000.0, 10000.0, 10000.0, 10000.0, 10000.0, 10000.0, 10000.0, 10000.0, 10000.0, 10000.0, 10000.0, 10000.0, 10000.0, 10000.0, 10000.0, 10000.0, 10000.0, 10000.0, 10000.0, 10000.0, 10000.0, 10000.0, 10000.0, 10000.0],
	"FRP penalty ($/MW)": [3000.0, 3000.0, 3000.0, 3000.0, 3000.0, 3000.0, 3000.0, 3000.0, 3000.0, 3000.0, 3000.0, 3000.0, 3000.0, 3000.0, 3000.0, 3000.0, 3000.0, 3000.0, 3000.0, 3000.0, 3000.0, 3000.0, 3000.0, 3000.0],
	"Time horizon (h)": 24,
	"Time step (min)": 60,
	"Scenario number": 1},
	"Generators": {
		"g1": {
		  "Bus": "b1",
		  "Production cost curve (MW)": [
			36.0437176490431,
			109.39882989713777,
			182.75394214523243,
			256.10905439332714,
			329.4641666414218
		  ],
		  "Production cost curve ($)": [
			1183.0002979678611,
			3673.503457658377,
			6399.699975743128,
			9180.585063561866,
			12340.016553952119
		  ],
		  "Startup costs ($)": [
			23707.47,
			27277.19,
			31966.44
		  ],
		  "Startup delays (h)": [
			1,
			2,
			4
		  ],
		  "Ramp up limit (MW)": 230.62,
		  "Ramp down limit (MW)": 230.62,
		  "Startup limit (MW)": 230.62,
		  "Shutdown limit (MW)": 230.62,
		  "Minimum uptime (h)": 1,
		  "Minimum downtime (h)": 1,
		  "Initial status (h)": 24,
		  "Initial power (MW)": 237.11763999999997
		},
		"g2": {
		  "Bus": "b1",
		  "Production cost curve (MW)": [
			2.257203830814138,
			35.95696356114498,
			69.6567232914758,
			103.35648302180664,
			137.05624275213745
		  ],
		  "Production cost curve ($)": [
			941.3071478234724,
			2226.1601602818946,
			3532.822685955267,
			5174.927823815553,
			7231.609860956636
		  ],
		  "Startup costs ($)": [
			10588.93,
			11359.22,
			11426.04
		  ],
		  "Startup delays (h)": [
			1,
			2,
			4
		  ],
		  "Ramp up limit (MW)": 95.94,
		  "Ramp down limit (MW)": 95.94,
		  "Startup limit (MW)": 95.94,
		  "Shutdown limit (MW)": 95.94,
		  "Minimum uptime (h)": 1,
		  "Minimum downtime (h)": 1,
		  "Initial status (h)": -24,
		  "Initial power (MW)": 0.0
		},
		"g3": {
		  "Bus": "b1",
		  "Production cost curve (MW)": [
			3.0837334002242764,
			27.294804269790646,
			51.50587513935703,
			75.7169460089234,
			99.92801687848976
		  ],
		  "Production cost curve ($)": [
			656.2875928631728,
			1474.5861511651503,
			2339.938068640763,
			4135.669002425887,
			6992.493229851318
		  ],
		  "Startup costs ($)": [
			4605.95,
			5231.98,
			5297.28
		  ],
		  "Startup delays (h)": [
			1,
			2,
			4
		  ],
		  "Ramp up limit (MW)": 69.95,
		  "Ramp down limit (MW)": 69.95,
		  "Startup limit (MW)": 69.95,
		  "Shutdown limit (MW)": 69.95,
		  "Minimum uptime (h)": 1,
		  "Minimum downtime (h)": 1,
		  "Initial status (h)": -24,
		  "Initial power (MW)": 0.0
		},
		"g4": {
		  "Bus": "b1",
		  "Production cost curve (MW)": [
			3.0464626901542213,
			27.165389487630833,
			51.28431628510746,
			75.40324308258405,
			99.52216988006066
		  ],
		  "Production cost curve ($)": [
			804.3079363675258,
			1699.5065203506697,
			2629.3135335942025,
			4243.782789477428,
			6654.53364280156
		  ],
		  "Startup costs ($)": [
			4409.65,
			5005.32,
			5317.09
		  ],
		  "Startup delays (h)": [
			4,
			8,
			16
		  ],
		  "Ramp up limit (MW)": 69.67,
		  "Ramp down limit (MW)": 69.67,
		  "Startup limit (MW)": 69.67,
		  "Shutdown limit (MW)": 69.67,
		  "Minimum uptime (h)": 4,
		  "Minimum downtime (h)": 4,
		  "Initial status (h)": -24,
		  "Initial power (MW)": 0.0
		},
		"g5": {
		  "Bus": "b1",
		  "Production cost curve (MW)": [
			6.130923405667081,
			29.432896064916818,
			52.73486872416655,
			76.03684138341629,
			99.33881404266603
		  ],
		  "Production cost curve ($)": [
			675.6421949296189,
			1431.6944878267268,
			2222.0882838642874,
			3647.4785331023922,
			5797.98360786653
		  ],
		  "Startup costs ($)": [
			6458.79,
			7626.12,
			8051.58
		  ],
		  "Startup delays (h)": [
			1,
			2,
			4
		  ],
		  "Ramp up limit (MW)": 69.54,
		  "Ramp down limit (MW)": 69.54,
		  "Startup limit (MW)": 69.54,
		  "Shutdown limit (MW)": 69.54,
		  "Minimum uptime (h)": 1,
		  "Minimum downtime (h)": 1,
		  "Initial status (h)": -24,
		  "Initial power (MW)": 0.0
		}
	},
	"Buses": {
		"b1": {
			"s1": {
				"Load (MW)":[
					171.31818535510146,
					170.66638205953856,
					216.9549140768603,
					250.19653070525146,
					267.1955902383132,
					278.50810732024576,
					320.97497068535733,
					328.7538044557076,
					320.5251962351347,
					360.65761757447814,
					355.5061389869389,
					360.53108448971653,
					381.1407653002785,
					418.7790381103877,
					404.22835167363417,
					436.8126460967416,
					467.78886504520756,
					416.734118042961,
					446.00554377802035,
					405.7893887439236,
					448.8102171420718,
					416.3830889989076,
					401.8359135852224,
					375.7430699870278
				],
	"Probability":1.0
			}
		}
	},
	"Reserves": {
		"Spinning": 
[0, 0, 0, 0, 0, 0, 0, 0, 0, 0, 0, 0, 0, 0, 0, 0, 0, 0, 0, 0, 0, 0, 0, 0]
}
}
